0;bus_101
1;bus_102
2;bus_103
3;bus_104
4;bus_105
5;bus_106
6;bus_107
7;bus_108
8;bus_109
9;bus_110
10;bus_113
11;bus_114
12;bus_115
13;bus_116
14;bus_118
15;bus_119
16;bus_120
17;bus_201
18;bus_202
19;bus_203
20;bus_204
21;bus_205
22;bus_206
23;bus_207
24;bus_208
25;bus_209
26;bus_210
27;bus_213
28;bus_214
29;bus_215
30;bus_216
31;bus_218
32;bus_219
33;bus_220
34;bus_301
35;bus_302
36;bus_303
37;bus_304
38;bus_305
39;bus_306
40;bus_307
41;bus_308
42;bus_309
43;bus_310
44;bus_313
45;bus_314
46;bus_315
47;bus_316
48;bus_318
49;bus_319
50;bus_320
